gene,state,log2FC_ashr,wald_padj
Hspa1b,SA_vs_SpD,0.7301063075656156,2.1117098657639566e-4
Hspa1a,SA_vs_SpD,0.7042048401304941,2.1117098657639566e-4
