gene,state,log2FC_ashr,wald_padj
Nppc,SA_vs_SpD,-0.4663639780233689,2.886295281288728e-4
