gene,state,log2FC_ashr,wald_padj
Serpina3,Ar_vs_LT,0.6401769227823678,3.673160565225488e-5
