gene,state,log2FC_ashr,wald_padj
Igf2,Ar_vs_LT,-0.7727670435078453,7.244459144780734e-4
